{
  "LANG_DE": "DE",
  "LANG_EN": "EN",
  "LANG_FR": "FR",
  "HOME": "Home",
  "BODY": "Corps",
  "CONTACTS": "Contacts",
  "INFOS": "Infos",
  "LOGIN": "Login",
  "ABOUT": "Sur",
  "APPOINTMENTS": "Rendez-vous",
  "EXPORT": "Export",
  "LOGOUT": "Logout",
  "SPORT": "Sport",
  "FOLLOW_UP": "Suivi médical",
  "NUTRITION": "Alimentation",
  "YOUR_WEIGHT_KG": "Votre poids en kg:",
  "YOUR_PULSE": "Votre pouls:",
  "TODAY": "présent ",
  "TERMINATED": "fini",
  "FUTURE": "future",
  "WELCOME": "Bonjour",
  "OPERATION": "Opération chirurgicale",
  "TNM": "Classification TNM",
  "NEXT": "Weiter",
  "ADDPERSON": "Um eine neue Person hinzuzufügen, den grünen Knopf betätigen.",
  "SETTINGS": "Einstellungen",
  "IMPRESSUM": "Impressum",
  "DATAPROTECTION": "Déclaration de confidentialité",
  "EXPORTINFO" :   "Export information",
  "EXPORTFORMAT" : "Export format",
  "VITALSIGN" : "Signes vitaux",
  "PDF" : "PDF",
  "PRINT" :"Imprimer",
  "NAME": "Nom",
  "STREET": "Rue",
  "LOCATION": "Lieu",
  "PHONE": "Téléphone",
  "MAIL": "E-Mail",
  "FAMILIYDOC": "Médecin de famille",
  "ONCOLOGY": "Oncology consultation",
  "GASTROENTEROLOGIST": "Gastroentérologue",
  "FUNCTION": "Rôle",
  "GO" : "Allez",
  "WELCOMETOSINA": "Bonjour chez SINA",
  "LANGUAGE": "S'il vous plaît choissisez une langue",
  "DE" : "Deutsch",
  "FR" : "Francais",
  "IT" : "Italiano",
  "ENG" : "English",
  "CANCER" : "Krebsart",
  "KOKA" : "Kolonkarzinom",
  "REKA" : "Rektumkarzinum",
  "KOLOSK" : "Wurde die Koloskopie vor der OP vollständig gemacht?",
  "YES" : "Oui",
  "NO" : "Non",
  "REMINDER_SOUND": "Ton du rappel",
  "SOUND_1": "Ton 1",
  "SOUND_2": "Ton 2",
  "SOUND_3": "Ton 3",
  "SOUND_4": "Ton 4"

}
