{
  "LANG_DE": "DE",
  "LANG_EN": "EN",
  "LANG_FR": "FR",
  "HOME": "Home",
  "BODY": "Körper",
  "CONTACTS": "Kontakte",
  "INFOS": "Infos",
  "LOGIN": "Login",
  "ABOUT": "Über",
  "APPOINTMENTS": "Termine",
  "EXPORT": "Export",
  "LOGOUT": "Logout",
  "SPORT": "Sport",
  "FOLLOW_UP": "Nachsorge",
  "NUTRITION": "Ernährung",
  "YOUR_WEIGHT_KG": "Ihr Gewicht in kg:",
  "YOUR_PULSE": "Ihr Puls:",
  "TODAY": "heute",
  "TERMINATED": "Abgeschlossen",
  "FUTURE": "Zukünftige",
  "WELCOME": "Wilkommen",
  "OPERATION": "Operationen",
  "TNM": "TNM Klassifizierung",
  "NEXT": "Weiter",
  "ADDPERSON": "Um eine neue Person hinzuzufügen, den grünen Knopf betätigen.",
  "SETTINGS": "Einstellungen",
  "IMPRESSUM": "Impressum",
  "DATAPROTECTION": "Datenschutzerklärung",
  "EXPORTINFO" : "Exportinformation",
  "EXPORTFORMAT" : "Exportformat",
  "VITALSIGN" : "Vitalparameter",
  "PDF" : "PDF",
  "PRINT" :"Drucken",
  "NAME": "Name",
  "STREET": "Strasse",
  "LOCATION": "Plz und Ort",
  "PHONE": "Telefon",
  "MAIL": "E-Mail",
  "FAMILIYDOC": "Hausarzt",
  "ONCOLOGY": "Onkologie Sprechstunde",
  "GASTROENTEROLOGIST": "Gastroenterologe",
  "FUNCTION": "Funktion",
  "GO" : "Los",
  "WELCOMETOSINA": "Willkommen bei SINA",
  "LANGUAGE": "Bitte wählen Sie eine Sprache",
  "DE" : "Deutsch",
  "FR" : "Francais",
  "IT" : "Italiano",
  "ENG" : "English",
  "CANCER" : "Krebsart",
  "KOKA" : "Kolonkarzinom",
  "REKA" : "Rektumkarzinum",
  "KOLOSK" : "Wurde die Koloskopie vor der OP vollständig gemacht?",
  "YES" : "Ja",
  "NO" : "Nein",
  "REMINDER_SOUND": "Erinnerungston",
  "SOUND_1": "Ton 1",
  "SOUND_2": "Ton 2",
  "SOUND_3": "Ton 3",
  "SOUND_4": "Ton 4"
}
